"scientific_name","tonnes"
"Marine fishes not identified",29470087.8594976
"Sardina pilchardus",4612608.47891236
"Scyphozoa",3159293.90562157
"Synodontidae",3026832.93361296
"Trichiurus lepturus",3001759.21088147
"Acetes japonicus",2400322.51509478
"Sciaenidae",2323279.44551949
"Gadus morhua",2290862.88947103
"Portunus trituberculatus",2237829.55119412
"Squillidae",2189674.91732101
"Leiognathidae",2012890.24908673
"Perciformes",1857687.25867908
"Decapoda",1816096.61383396
"Penaeidae",1746189.26483524
"Teuthida",1726770.01903157
"Larimichthys polyactis",1698162.28624463
"Merluccius hubbsi",1690299.3567327
"Miscellaneous marine crustaceans",1665807.31418262
"Sparidae",1629201.12732724
"Micromesistius poutassou",1554153.46523774
"Merluccius",1515619.69292568
"Nemipteridae",1472910.91418266
"Trachysalambria curvirostris",1407236.69890003
"Todarodes pacificus",1371015.82394506
"Nemipterus",1362901.06974117
"Rastrelliger kanagurta",1350558.28186504
"Pampus",1232111.29387047
"Mollusca",1150327.15636832
"Cephalopoda",1077159.74774069
"Selaroides leptolepis",1040791.49576686
"Sepiidae",1039887.47755742
"Harpadon nehereus",1034688.48995307
"Sardinella longiceps",949611.45218139
"Loliginidae",917366.008288748
"Dendrobranchiata",907420.180871746
"Pectinidae",886581.258110097
"Scombridae",873657.381553616
"Clupeiformes",748760.479426773
"Melanogrammus aeglefinus",743680.68155665
"Pollachius virens",722860.750069701
"Octopoda",712123.120130681
"Theragra chalcogramma",696123.276882453
"Carangidae",678827.180157594
"Lutjanus",667575.074554523
"Limanda aspera",666698.244888635
"Clupeidae",628971.804843157
"Sepiida",614842.591012763
"Portunus pelagicus",604742.771211414
"Fenneropenaeus chinensis",599042.209430059
"Micromesistius australis",564021.806643348
"Macruronus novaezelandiae",557706.260332247
"Merluccius merluccius",554896.993736025
"Leiognathus",551035.831547701
"Merluccius productus",550123.051672278
"Brachyura",543570.42376905
"Netuma thalassina",528194.286331285
"Engraulis japonicus",465284.122521565
"Parastromateus niger",459546.60947944
"Engraulidae",459302.127051859
"Scomber japonicus",451109.107652131
"Ammodytes personatus",446806.825296142
"Pleuronectes platessa",442402.633548254
"Muraenesox cinereus",435879.09808657
"Priacanthidae",424703.567356084
"Caranx",412607.978304012
"Lates calcarifer",411013.467088863
"Reinhardtius hippoglossoides",402517.706310594
"Charybdis",399885.765131025
"Larimichthys crocea",391644.244742329
"Priacanthus",388386.168586639
"Pennahia argentata",371712.837116516
"Decapterus",371502.399243904
"Engraulis encrasicolus",364004.966020019
"Saurida",362104.431311188
"Chionoecetes",361843.114330969
"Mugilidae",360807.136123504
"Nemipterus hexodon",353702.941114167
"Gadus macrocephalus",343967.304348765
"Ariidae",342523.935862204
"Trichiuridae",335577.396089256
"Trachurus trecae",323996.558547453
"Mullidae",320803.274945799
"Merluccius gayi peruanus",308091
"Clupea harengus",307876.708390789
"Polynemidae",297516.789148447
"Mugil cephalus",293425.546304803
"Acetes",289425.889039301
"Sepia",287358.652376192
"Lethrinidae",282016.926683068
"Pseudotolithus",279743.541398892
"Pleurogrammus monopterygius",278193.158637922
"Marine finfishes not identified",270461.093963682
"Monacanthidae",270423.026508793
"Doryteuthis gahi",270154
"Cephalopholis boenak",264075.767923417
"Caesionidae",263266.36422822
"Pleuronectiformes",261305.885229381
"Sphyraena",257298.941833427
"Macruronus magellanicus",256655.458726683
"Pampus argenteus",254131.903800812
"Trisopterus esmarkii",247383.397131358
"Galeoides decadactylus",244093.579631593
"Sebastes alutus",242726.253057463
"Siluriformes",237636.26506091
"Brachydeuterus auritus",235833.341502109
"Metapenaeus",235373.313441135
"Carcharhinus",230101.731271896
"Fenneropenaeus indicus",230033.664236415
"Elasmobranchii",226957.957766617
"Merlangius merlangus",219502.414494475
"Epinephelus",218293.511236705
"Stolephorus",216960.904130194
"Serranidae",211703.523240327
"Trachurus japonicus",207825.609219871
"Octopodidae",204313.093842969
"Chloroscombrus chrysurus",199863.129227524
"Hemiramphus",194715.269119344
"Penaeus",194252.012641712
"Octopus",190165.684541517
"Lepidopsetta bilineata",189080.330044773
"Scomberomorus guttatus",184531.015605309
"Bivalvia",176430.933063868
"Pennahia",176106.936536967
"Illex illecebrosus",175656.637959503
"Apogonidae",171548.36264549
"Limanda limanda",170219.147711105
"Micropogonias furnieri",165962.817517189
"Tenualosa ilisha",164068.221008759
"Cynoglossus monodi",157210.099693717
"Batoidea",154118.102987771
"Umbrina canosai",153535.217173288
"Trachurus trachurus",153359.973981088
"Sebastes norvegicus",151977.963178995
"Portunidae",149454.886248874
"Liza haematocheila",148505.876731235
"Soleidae",148502.810658121
"Thryssa",148175.051922757
"Gobiidae",147254.499158868
"Saurida tumbil",146223.153420378
"Ethmalosa fimbriata",146133.791511994
"Scomberomorus commerson",132023.970824629
"Carcharhinidae",129042.818755691
"Chirocentrus dorab",128644.761257285
"Merluccius capensis",124941.302812086
"Lutjanidae",124769.106607757
"Parapenaeus longirostris",119867.958193411
"Atheresthes stomias",119186.016877865
"Scomberomorus niphonius",118773.574921048
"Sebastes",115913.390751899
"Fenneropenaeus merguiensis",114376.37299004
"Trichiurus",112311.532923201
"Dentex",111688.186769204
"Trachurus",109933.628925371
"Chirocentrus",108348.593488648
"Solea solea",107589.569839286
"Siganus",107493.939184338
"Balistidae",106563.436212285
"Sardinella",102759.14987559
"Chondrichthyes",102685.505059109
"Thyrsites atun",102179.60042835
"Trachurus mediterraneus",102036.83600629
"Lactarius lactarius",100209.787801839
"Cynoglossus",99599.1691915129
"Patagonotothen ramsayi",97445.25
"Dasyatis",96680.453447511
"Clupea pallasii pallasii",96596.2977193541
"Dussumieria acuta",96493.7226536237
"Seriola",95888.4299338967
"Sebastidae",92197.4486549398
"Pomadasys",92117.9675484812
"Gadiformes",91730.1394962993
"Lophius vomerinus",86900.3462229095
"Psenopsis anomala",83970.4025629365
"Conger myriaster",81935.2689828686
"Himantura",81817.9665270088
"Pteroscion peli",81471.0989888177
"Scomber scombrus",81428.5484277951
"Pentheroscion mbizi",81140.0751568557
"Parapenaeopsis",80749.9839871169
"Mullus barbatus barbatus",77506.2770846368
"Upeneus",77034.3225510466
"Boops boops",73822.2538408738
"Sprattus sprattus",73470.8128661272
"Miichthys miiuy",73395.6884797278
"Gastropoda",73002.7098138253
"Ruditapes philippinarum",72646.1708446142
"Miscellaneous aquatic invertebrates",71107.1815653441
"Anguilliformes",70550.8255530665
"Lutjanus johnii",69942.7553528337
"Pseudopleuronectes herzensteini",67676.8782575454
"Ruvettus pretiosus",67441.4018590857
"Pleuronectidae",66563.9766044009
"Doryteuthis pealeii",65880.078110892
"Clupanodon thrissa",62027.8300724095
"Haemulidae",61099.6901326229
"Portunus",59488.7103784596
"Marine groundfishes not identified",58630.6019013534
"Hippoglossoides elassodon",58539.7381604683
"Platycephalidae",58206.6706825351
"Nephrops norvegicus",57768.5044390723
"Macrouridae",57546.0422595129
"Arctoscopus japonicus",56921.865476403
"Farfantepenaeus californiensis",56544.0807007864
"Bramidae",55839.6539200771
"Pseudotolithus elongatus",55182.774351851
"Pomatomus saltatrix",52159.5189930875
"Zeus faber",51182.6188056499
"Pristipomoides",51156.9240037323
"Triglidae",49249.9268893401
"Upeneus vittatus",48268.3829769919
"Merluccius bilinearis",47900.4547969644
"Mullus surmuletus",47665.6841168011
"Pandalus borealis",47293.528238918
"Octopus vulgaris",47097.0041501546
"Lutjanus quinquelineatus",46109.9491973042
"Illex argentinus",45443.092936233
"Psettodidae",44174.1962241518
"Scomber",44092.223110001
"Aristeus antennatus",43345.4974441548
"Gadidae",43035.3275794285
"Prionace glauca",42522.131407574
"Molva molva",42135.4496486213
"Selar crumenophthalmus",41962.6642961336
"Sphyraenidae",41927.1891728906
"Veneridae",41807.3610967284
"Stromateidae",41715.9539354419
"Auxis thazard",40922.6489601403
"Cephea",40498.322174237
"Tegillarca granosa",40441.5609052299
"Auxis",40348.7720740579
"Pagrus",40022.8431378995
"Squilla mantis",39873.7564581774
"Caesio cuning",39539.0307500229
"Atule mate",38777.4608375376
"Oreosomatidae",38748.817898474
"Scorpaenidae",37609.580931044
"Cynoscion guatucupa",37388.8096995491
"Rajidae",37306.443096841
"Rachycentron canadum",36800.9143126063
"Scombroidea",36605.2075935157
"Merluccius australis",36481.2947154219
"Platichthys flesus",36410.6636382832
"Argentina",35946.1263197628
"Scomberomorus",35707.4852841621
"Scophthalmus maximus",35314.7597805918
"Seriolella punctata",35282.7085886327
"Lophius",34215.8572208733
"Melicertus latisulcatus",33973.1560328608
"Terapon",33741.9288706081
"Hoplostethus atlanticus",33366.2080113662
"Sepia officinalis",32824.5324973161
"Solea",32575.5167798299
"Conger conger",32552.7919015143
"Chionoecetes opilio",32414.4430755544
"Cyclopterus lumpus",32101.6697669982
"Sillago",32074.2513198113
"Macroramphosus scolopax",31987.3643991237
"Sardinops sagax",31612.0059777658
"Microstomus pacificus",31560.5783129525
"Turbo cornutus",31303.3275473866
"Rajiformes",31022.903652572
"Mene maculata",30898.5500052236
"Melicertus kerathurus",30784.8580654526
"Loligo",30385.2876446394
"Pagellus erythrinus",30284.372341897
"Decapterus russelli",29975.6331246309
"Mytilidae",29939.2126842982
"Limanda ferruginea",29932.4640273578
"Exocoetidae",29241.0311876565
"Psettodes erumei",28606.5641878229
"Lophiidae",28606.2033427982
"Ensis siliqua",28367.52
"Pleuroncodes monodon",28227.2577637699
"Hippoglossus hippoglossus",28141.5121332212
"Scyliorhinus canicula",27836.5528016848
"Placopecten magellanicus",27780.0244606469
"Mallotus villosus",27064.4436097353
"Lepidorhombus",26961.3259963186
"Sebastes mentella",26645.0450957763
"Megalaspis cordyla",26499.6197908311
"Paralichthys dentatus",26497.5349703848
"Mugil",26154.3430857932
"Diplodus",26093.2898064083
"Trachurus picturatus",25718.1947679483
"Pagrus major",25652.9668390696
"Lepidopus caudatus",25584.0457690248
"Squalidae",25470.5311563174
"Muraenesocidae",25395.0454744747
"Echinoidea",25011.5753154951
"Glyptocephalus cynoglossus",24956.9953315174
"Mytilus edulis",24789.4660335329
"Peprilus triacanthus",24533.3379785137
"Pampus chinensis",23512.268390531
"Stenotomus chrysops",23362.3832875897
"Marine pelagic fishes not identified",23270.5446238603
"Pagrus auratus",23241.9810334669
"Cololabis saira",23197.8451833435
"Cymbium",23058.3438105351
"Raja",23046.4470195844
"Genypterus blacodes",22891.8942088039
"Malacostraca",22789.2667890054
"Plectorhinchus mediterraneus",22711.1994655846
"Spondyliosoma cantharus",22538.8783491727
"Squalus acanthias",22421.7780239291
"Scyllaridae",22410.7534342294
"Mustelus",22375.3002865202
"Leucoraja erinacea",22313.7148804223
"Chelidonichthys lucerna",22303.6438552386
"Plotosus",22289.1458162864
"Pagellus",21741.6639826587
"Dasyatidae",21713.4226731745
"Sardinella aurita",21707.0691262108
"Pseudupeneus prayensis",21643.4906567154
"Muraenesox",21626.3968228352
"Metapenaeus affinis",21407.617564919
"Nemipterus japonicus",21377.0578181274
"Prionotus stephanophrys",21319
"Microstomus kitt",21313.4460189514
"Squaliformes",21112.1510997524
"Squalus",21049.5667175661
"Scomber australasicus",20853.1007127537
"Peristediidae",20613.0409451241
"Bothidae",20065.0625033021
"Dentex macrophthalmus",19915.8337025474
"Eledone",19901.7963042832
"Polydactylus quadrifilis",19741.1554975075
"Crangon crangon",19489.223648507
"Pseudophycis bachus",19399.2507286304
"Decapterus macrosoma",19355.9925186431
"Mustelus schmitti",19189.6177396759
"Paralichthys olivaceus",18961.9931073138
"Lophius piscatorius",18337.6979006412
"Merluccius senegalensis",18253.5909618178
"Cottidae",18169.0930690539
"Osteichthyes",18004.5975564832
"Metapenaeus tenuipes",18002.617564919
"Plotosidae",17970.1772877432
"Chelidonichthys kumu",17639.9171538527
"Glyptocephalus zachirus",17434.5740474095
"Ommastrephidae",16814.242094457
"Isurus oxyrinchus",16520.6818244491
"Sebastes entomelas",16217.8440078397
"Apostichopus japonicus",16139.4155448305
"Eledone cirrhosa",15914.921663911
"Plectorhinchus",15530.0363461157
"Sarda sarda",15400.606375216
"Hippoglossoides platessoides",15197.1835417826
"Trachinus draco",15132.8675556399
"Penaeus semisulcatus",15009.1802551686
"Eutrigla gurnardus",14875.6218375545
"Pollachius pollachius",14701.6803080041
"Pagellus bellottii",14553.6198947181
"Merluccius polli",14530.9336030094
"Thunnus alalunga",14492.6647348875
"Marsupenaeus japonicus",14301.8895115344
"Anarhichas",14240.2872033794
"Gerreidae",13643.8202149031
"Argentina silus",13541.3090126828
"Todarodes sagittatus",13506.715768295
"Alectis alexandrina",13413.1225661928
"Pecten maximus",13401.1793243903
"Scolopsis",13204.696439636
"Eopsetta jordani",13135.4925081698
"Salilota australis",12977
"Tetraodontidae",12910.8721133963
"Lateolabrax japonicus",12790.3711147357
"Trisopterus luscus",12762.6898053816
"Sardinella maderensis",12245.2928966291
"Farfantepenaeus notialis",11991.9286568792
"Macrodon ancylodon",11968.273649647
"Anarhichas lupus",11934.4740447105
"Raja clavata",11878.592874488
"Penaeus monodon",11844.8031651753
"Pseudotolithus senegalensis",11714.7451114853
"Mugil liza",11666.1183774784
"Epinephelus coioides",11637.0788319384
"Acanthurus",11498.1372874235
"Diplodus sargus sargus",11428.9201880638
"Cervimunida johni",11412.4437969304
"Dissostichus eleginoides",11100.8729471751
"Mullus",10987.2498190617
"Sardinella fimbriata",10874.7425489414
"Opisthonema oglinum",10783.3673001883
"Caranx hippos",10755.1329437446
"Urophycis brasiliensis",10726.7361655101
"Nemipterus virgatus",10518.5742740272
"Liza",10452.9676154706
"Mytilus coruscus",10436.0760307479
"Sphyraena obtusata",10327.1874361457
"Seriolella brama",10150.9405938055
"Spicara smaris",10122.9042689467
"Heterocarpus reedi",10052.07
"Paralabrax humeralis",9967
"Cyprinidae",9685.52285972728
"Paralichthyidae",9569.17508639401
"Sebastes flavidus",9459.84143285692
"Phycis blennoides",9305.29153128486
"Anarhichas minor",9295.54336957408
"Cynoglossus canariensis",9292.34836702849
"Menidae",9241.14226445973
"Panulirus longipes",9083.76784484844
"Palinuridae",9021.73622253441
"Lithognathus mormyrus",9005.69263831644
"Aphanopus carbo",8919.96683086822
"Pleuronectes quadrituberculatus",8916.32669965916
"Trachinotus",8818.10823611938
"Anoplopoma fimbria",8773.97305917503
"Galeus melastomus",8707.78169143163
"Cancer pagurus",8670.49486944678
"Stephanolepis cirrhifer",8640.74253606016
"Illex coindetii",8491.2039640869
"Scophthalmus rhombus",8468.73598294153
"Pagellus acarne",8451.51277465897
"Gempylidae",8356.19929019883
"Pomadasys jubelini",8344.4948880888
"Congridae",8144.53889162562
"Molva dypterygia",8088.96306904641
"Sparus aurata",8054.03074690696
"Pleurogrammus azonus",7970.77112015769
"Platycephalus indicus",7968.98680321824
"Paralonchurus brasiliensis",7949.14363991409
"Spicara maena",7874.59270901785
"Rastrelliger brachysoma",7715.79162755106
"Carlarius heudelotii",7625.72422931581
"Aristeus varidens",7329.22654633354
"Alopias vulpinus",7269.31181081548
"Cynoscion jamaicensis",7121.92423262872
"Pseudopleuronectes americanus",7092.9594208603
"Asterias rubens",7082.27892094962
"Scorpaena",7040.91785446049
"Umbrina canariensis",6985.32474363696
"Capros aper",6890.41855059446
"Osmerus eperlanus",6864.40650948482
"Priacanthus macracanthus",6794.13767340151
"Pentanemus quinquarius",6727.88890004136
"Drepane africana",6715.73742179328
"Urophycis tenuis",6488.63378256471
"Sardinella zunasi",6416.30154658198
"Trisopterus minutus",6402.28672747479
"Metapenaeus joyneri",6312.65846483273
"Euthynnus alletteratus",6298.037951206
"Seriolina nigrofasciata",6185.39765321516
"Anarhichas denticulatus",6177.06454558217
"Bathyraja brachyurops",6120.93042627429
"Ilisha africana",5924.6402944618
"Holothuroidea",5893.53837025146
"Lophius gastrophysus",5874.53285261582
"Sebastolobus alascanus",5846.8429373458
"Lepidotrigla cavillone",5830.78188547958
"Torpedinidae",5807.2870842376
"Upeneus moluccensis",5522.21532190965
"Phycis",5461.03008652753
"Scaridae",5401.98071920961
"Callorhinchus milii",5392.02780845683
"Galeorhinus galeus",5347.95739262417
"Scomber colias",5315.27476060471
"Pseudotolithus senegallus",5284.23870355517
"Auxis rochei",5231.22809248655
"Stromateus fiatola",5073.13723894007
"Nemadactylus",5055.92283253539
"Pandalus montagui",4894.61149922729
"Siganidae",4892.59592707724
"Brama brama",4860.13859861938
"Balistes capriscus",4853.50780210495
"Bathylagidae",4824.64032542
"Dicentrarchus labrax",4824.57011015401
"Mactridae",4823.27842160734
"Anadara",4772.36466868313
"Dosidicus gigas",4740
"Scomberomorus tritor",4630.5211622383
"Rutilus rutilus",4612.42391144337
"Lamnidae",4553.08744411721
"Seriola dumerili",4463.82995357437
"Scylla serrata",4451.23073237462
"Encrasicholina punctifer",4413.90137501446
"Argyrosomus regius",4413.60895464503
"Ommastrephes bartramii",4410
"Buglossidium luteum",4386.12282329961
"Scorpaena porcus",4369.11111338738
"Nemadactylus bergi",4358.34835955815
"Glycymeris glycymeris",4299.13644129529
"Ophiodon elongatus",4252.78526284979
"Coryphaenoides rupestris",4168.77680743612
"Pagellus bogaraveo",4167.73099929894
"Spicara",4116.43447417171
"Parapenaeopsis sculptilis",4116.23626082011
"Scorpaena scrofa",4072.29395615208
"Selene peruviana",4027
"Brosme brosme",4016.96395441476
"Atrobucca nibe",3979.37173308566
"Thenus orientalis",3935.78820705408
"Brotula barbata",3899.40556795283
"Caproidae",3883.10624809809
"Helicolenus dactylopterus",3842.64422118831
"Sphyrna zygaena",3834.56992965925
"Lepidorhombus whiffiagonis",3741.97140033884
"Chelidonichthys cuculus",3723.5415072912
"Perca fluviatilis",3717.65623304538
"Citharus linguatula",3636.5720950107
"Terapontidae",3619.40001792775
"Seriola lalandi",3501.10156910527
"Crangonidae",3474.82339739871
"Cerastoderma edule",3438.982167471
"Scophthalmidae",3397.14040444144
"Stichopus",3375.69746119938
"Zearaja chilensis",3366.31777651475
"Buccinum undatum",3305.21587908961
"Orcynopsis unicolor",3231.08800667816
"Caranx latus",3224.59824470161
"Haliotidae",3218.68291883703
"Raja brachyura",3186.97860697073
"Selene dorsalis",3186.00143540432
"Etmopterus spinax",3178.16478141651
"Cynoscion analis",3137
"Centropristis striata",3081.75425696405
"Ozius guttatus",3077.19534081255
"Drepane",3064.12912838297
"Trachinus",3058.84848800263
"Callionymus lyra",3003.43932547863
"Melicertus canaliculatus",3000.43626082011
"Aequipecten opercularis",2966.19350580297
"Campogramma glaycos",2906.16548883962
"Centrolophidae",2828.02189747446
"Aristaeomorpha foliacea",2826.64361826369
"Coryphaenoides",2808.56811691541
"Parophrys vetulus",2776.41424969188
"Leiognathus berbis",2727.48287905945
"Pagrus pagrus",2725.81139973759
"Cynoscion acoupa",2688.34836268102
"Rastrelliger",2681.49634069954
"Caranx rhonchus",2657.17696829602
"Lethrinus atlanticus",2610.53512598075
"Trachurus lathami",2599.28179950742
"Berycidae",2573.9150378332
"Hyporhamphus sajori",2563.82864896996
"Acanthocardia tuberculata",2491.92488754884
"Elops lacerta",2453.43675470292
"Acanthopagrus schlegelii",2442.81439431252
"Dentex gibbosus",2423.38516238298
"Sarpa salpa",2421.4868319636
"Paralonchurus peruanus",2400
"Gerres",2387.55416530239
"Menticirrhus",2382.61090373962
"Caranx crysos",2380.97110669065
"Argentina sphyraena",2295.42920755916
"Lethrinus",2293.72233558018
"Gazza minuta",2282.14208552822
"Epinephelus goreensis",2280.47020284087
"Scolopsis taeniata",2278.6358
"Decapterus maruadsi",2226.82099697043
"Zenopsis conchifer",2206.46469241908
"Epigonus telescopus",2206.31083476098
"Nematopalaemon hastatus",2190.2685
"Leucoraja naevus",2187.71361098042
"Diplodus annularis",2181.39590696519
"Pomadasys incisus",2160.87397345278
"Pelecus cultratus",2155.61408259151
"Cynoscion",2144.15714467379
"Xiphopenaeus kroyeri",2143.63252669544
"Sphyraena barracuda",2105.51554027374
"Scyliorhinus",2087.74392885747
"Austroglossus microlepis",2071.9093354388
"Raja montagui",2050.29951033826
"Chimaeriformes",2012.91335758288
"Beryx splendens",1976.05103014093
"Pseudorhombus arsius",1955.91436271562
"Ephippidae",1953.94732024161
"Moridae",1941.8257280819
"Kathetostoma giganteum",1926.72654523
"Phycis phycis",1851.21594482813
"Epinephelus aeneus",1834.44894863969
"Lepidorhynchus denticulatus",1796.761409549
"Gymnocephalus cernua",1785.73565349446
"Cyttus novaezealandiae",1777.42082928505
"Dicologlossa cuneata",1765.30394747683
"Cetorhinus maximus",1749.58664809194
"Jasus edwardsii",1747.275939988
"Mustelus lenticulatus",1745.93976952161
"Micropogonias undulatus",1740.1269732502
"Lepidorhombus boscii",1711.1543269786
"Percophis brasiliensis",1710.57966734743
"Scarus",1658.30972711225
"Plesionika edwardsii",1636.98041916397
"Urophycis chuss",1630.27844603813
"Atheresthes evermanni",1621.23515397588
"Nototodarus gouldi",1611.5423110517
"Guentherus altivela",1609.97602303245
"Scorpaeniformes",1597.93482274883
"Genypterus",1586.78509155256
"Charybdis feriatus",1539.0206433022
"Podophthalmus vigil",1539.0206433022
"Busycon",1533.03911636974
"Emmelichthys nitidus nitidus",1518.62012879
"Bathyraja macloviana",1514.49029676969
"Hydrolagus novaezealandiae",1493.05916099
"Gerres nigri",1491.40057960873
"Centroberyx affinis",1481.53117615619
"Pagrus caeruleostictus",1479.23989163771
"Echinodermata",1478.40963072785
"Liocarcinus depurator",1453.17841823902
"Dicentrarchus",1423.86698374697
"Meretrix lusoria",1417.9799000258
"Parapercis colias",1409.097158997
"Trachinidae",1406.29190678053
"Anarhichadidae",1399.02518136646
"Lutjanus purpureus",1366.89621603476
"Pseudotolithus typus",1362.24928295312
"Meuschenia scaber",1361.20718393635
"Sphyrna",1347.85355988488
"Gymnocranius",1345.36220891025
"Hippoglossina macrops",1311.04151877216
"Serranus",1309.27853900255
"Lophius budegassa",1290.83382578418
"Mytilus",1288.98483506405
"Belone belone",1281.94927877374
"Scomberesox saurus saurus",1275.12200258552
"Pomadasys argenteus",1258.86228728494
"Scatophagus",1255.87950492436
"Mullus argentinae",1250.32482107893
"Litopenaeus setiferus",1248.69555814897
"Doryteuthis opalescens",1247.61680544826
"Bathysaurus ferox",1244.57052222852
"Stomias affinis",1236.93244737994
"Scyliorhinidae",1235.66506603247
"Labridae",1232.83261916593
"Zeidae",1228.833467623
"Charybdis hellerii",1222.44647669726
"Caesio",1214.82926997069
"Lichia amia",1185.22156402317
"Sebastes goodei",1143.21849964963
"Ibacus ciliatus",1141.93341372178
"Ariomma indicum",1131.34033366321
"Mustelus mustelus",1127.98140675083
"Citharichthys sordidus",1105.02327345856
"Hoplostethus mediterraneus mediterraneus",1104.67773693415
"Homarus americanus",1084.95932384892
"Variola louti",1084.60324169419
"Hyperoglyphe antarctica",1069.63240423973
"Homarus gammarus",1054.66196170062
"Maja squinado",1050.63532432643
"Sciades couma",1037.8956857353
"Mora moro",1037.85018704134
"Pterygotrigla polyommata",1037.12035
"Alopias",1034.3280839032
"Chamelea gallina",1029.47572440199
"Aluterus",1010.76316094696
"Merlucciidae",995.851356476061
"Brevoortia pectinata",985.276589417288
"Myoxocephalus",967.960215067531
"Macrourus berglax",967.122714102488
"Diplodus vulgaris",964.965603440107
"Serranus cabrilla",957.707198332753
"Trachurus symmetricus",956.9916543
"Centriscidae",951.939588592344
"Chlorophthalmidae",945.468308165613
"Harengula clupeola",938.880086047673
"Sillaginidae",936.185061309747
"Chaceon maritae",930.08807452083
"Nephropidae",928.40503509402
"Latridae",920.182829491519
"Goneplax rhomboides",912.801633506696
"Cottoperca gobio",911.794424454776
"Lycodes",905.469747963672
"Nemadactylus macropterus",881.323786500278
"Cyttus traversi",880.560271560999
"Haliporoides sibogae",877.191303618868
"Pogonias cromis",874.682102514982
"Coryphaena hippurus",871.57346501492
"Gerres oyena",864.473941065076
"Acanthocybium solandri",852.596758033381
"Seriolella caerulea",851.373664733
"Nezumia aequalis",850.65629817685
"Polyprion",850.078710918
"Callionymus maculatus",849.687440650013
"Isurus",849.416656212501
"Genypterus capensis",844.936550433389
"Austroglossus pectoralis",831
"Sepioteuthis lessoniana",830.212844025141
"Cardiidae",828.056229433171
"Dalatias licha",816.220984186937
"Sebastes pinniger",805.045970827035
"Beryx",800.06260419997
"Squalus suckleyi",786.504876088356
"Brotula",785.616385427596
"Isopisthus parvipinnis",784.989363479921
"Pomadasys stridens",783.851923214927
"Malacanthidae",782.572628930252
"Dussumieria elopsoides",779.981087300904
"Hydrolagus colliei",778.359324219313
"Scomberesocidae",770.399922046212
"Gymnothorax",762.313991308984
"Lethrinus lentjan",761.560668996807
"Salmonidae",758.634846926489
"Lethrinus borbonicus",755.465545197615
"Arnoglossus laterna",741.611925993172
"Metapenaeus monoceros",740.295339
"Lobotes surinamensis",717.125666656436
"Archosargus probatocephalus",715.620080782814
"Polititapes rhomboides",714.892126473175
"Bolinus brandaris",714.53223742637
"Bregmaceros mcclellandi",705.68919424392
"Sergestidae",689.45631733453
"Mycteroperca",689.086534071621
"Sander lucioperca",689.032152463641
"Gasterosteus aculeatus",686.511183914477
"Ilisha elongata",679.888265644561
"Gobius niger",679.024830818099
"Trachurus capensis",676.415285500456
"Geryon",672.518318731972
"Cepola",671.402758255831
"Alloteuthis subulata",661.56034193795
"Epinephelus marginatus",655.382861650995
"Nototheniidae",648.276864342901
"Carangoides bajad",643.129445042875
"Raja asterias",636.136658855663
"Rhinobatos",625.904373117582
"Megalops cyprinoides",622.746775310006
"Muraenidae",617.408426546581
"Lethrinus mahsena",608.853810554109
"Thunnus thynnus",604.25957832761
"Sphyrnidae",601.572113344762
"Paralichthys californicus",600.675768500236
"Dentex dentex",600.481130105673
"Argyrops spinifer",598.635588002406
"Carcharhinus melanopterus",597.74625
"Penaeus penicillatus",590.291711686742
"Hemiramphidae",589.479959714886
"Haliotis",583.981489688
"Chimaera monstrosa",583.542176855156
"Pinguipedidae",579.714010694685
"Sciades proops",577.457350644326
"Hydrolagus",573.223045696519
"Zoarces viviparus",564.987648596409
"Metanephrops challengeri",561.388929196
"Sphoeroides pachygaster",559.615468249961
"Plectorhinchus macrolepis",557.0246758106
"Dentex congoensis",546.444093663814
"Plagiogeneion rubiginosum",537.634469885191
"Venus verrucosa",537.553124100626
"Diodontidae",535.868965397397
"Oblada melanura",532.778890698587
"Illex",524.063185147712
"Centrophorus granulosus",516.314285266608
"Dicentrarchus punctatus",515.650526075557
"Peprilus paru",514.105554486316
"Myliobatidae",513.87126010024
"Sebastes crameri",510.526459350944
"Helicolenus percoides",510.212999999999
"Cynoscion virescens",509.841286404908
"Palinurus elephas",505.662559910839
"Sebastes paucispinis",495.28614103743
"Anguilla anguilla",477.223587714215
"Sciades parkeri",465.621386708006
"Merostomata",464.970181140383
"Agonus cataphractus",460.885829996722
"Brevoortia tyrannus",458.966624261374
"Epigonus",453.882837654162
"Scomberoides commersonnianus",451.240578286997
"Rexea solandri",443.920064999999
"Conodon nobilis",421.712983957688
"Antimora rostrata",418.34476092164
"Mulloidichthys flavolineatus",412.431679312766
"Trachinotus carolinus",405.934057467636
"Pandalus jordani",404.4222937342
"Triakidae",393.563858941223
"Metacarcinus magister",391.39007665651
"Neocyttus rhomboidalis",388.273214576999
"Rostroraja alba",384.737346331
"Callinectes sapidus",377.547174915462
"Cnidaria",373.530749669231
"Belonidae",372.625385008049
"Lophius americanus",370.824723887999
"Alosa sapidissima",365.305921842774
"Plesiopenaeus edwardsianus",364.10669728968
"Uranoscopus scaber",362.807106570716
"Trigla lyra",361.00768938502
"Carcharhiniformes",359.829166397619
"Pecten novaezelandiae",355.698136823999
"Chelon labrosus",354.385273958905
"Sebastes melanops",344.959899371406
"Mustelus whitneyi",344
"Katsuwonus pelamis",333.913331018484
"Gnathanodon speciosus",333.604024452919
"Cepola macrophthalma",332.256106751164
"Plotosus lineatus",323.388383115154
"Lepidocybium flavobrunneum",321.259190279607
"Mizuhopecten yessoensis",320.949325504777
"Paracentrotus lividus",320.163158663992
"Atherinidae",316.695421428894
"Ophidiidae",314.536284977
"Scomberoides tol",312.384552756424
"Oxynotus centrina",304.058067885588
"Carcharhinus amblyrhynchos",298.905125
"Dentex angolensis",291.56088145669
"Hexanchus griseus",289.872499123862
"Palaemon serratus",286.563868845808
"Oncorhynchus masou masou",284.98536731007
"Spisula solidissima",282.92908144
"Megalops atlanticus",282.632561008441
"Stromateus brasiliensis",282.355936735302
"Xiphias gladius",280.660173091051
"Carcinus maenas",278.920649221434
"Bothus pantherinus",270.422160790557
"Liza ramada",268.897752312596
"Centrolophus niger",268.885072717999
"Squatinidae",266.617466931191
"Erimacrus isenbeckii",265.904299793352
"Sprattus fuegensis",262.962442857195
"Lethrinus miniatus",262.731546120648
"Scyliorhinus stellaris",257.729009445292
"Todaropsis eblanae",250.147618179111
"Petromyzontidae",248.211753979622
"Carangoides malabaricus",245.20831879991
"Trigla",244.264747822197
"Conger orbignianus",242.107127350365
"Acanthuridae",238.332906579902
"Parapenaeopsis hardwickii",237.576457317844
"Solea senegalensis",230.23647042683
"Somniosus microcephalus",226.292005131661
"Bothus podas",224.995088513427
"Chelon auratus",221.096116546818
"Zenopsis nebulosa",220.003367593007
"Aetobatus narinari",213.054613287035
"Atherina boyeri",212.357285390477
"Otolithes ruber",212.257221838595
"Salmo salar",211.334871994249
"Holocentridae",209.521497152804
"Atlantoraja cyclophora",208.348022904262
"Gobius paganellus",206.622158898915
"Aristeidae",199.333136221581
"Photopectoralis bindus",197.065140367231
"Spisula ovalis",194.241593944453
"Thunnus obesus",193.955701247442
"Sepia orbignyana",192.860020441218
"Esox lucius",192.71054136675
"Polyprion americanus",190.613157385355
"Solen",187.439316620997
"Dentex tumifrons",186.694496844695
"Microchirus variegatus",185.759621120598
"Porichthys porosissimus",181.643408910582
"Eptatretus cirrhatus",179.054811995
"Huso huso",177.586215117251
"Trachichthyidae",173.855858182
"Centropomus",170.689965992431
"Bagre bagre",168.808706507315
"Myripristis jacobus",167.861325711391
"Alosa fallax",166.884570466171
"Plectorhinchus gaterinus",166.30499
"Konosirus punctatus",166.190187349363
"Scyllarides latus",164.23091635077
"Aspistor quadriscutis",162.68958149781
"Lutjanus kasmira",162.326644535013
"Chaetodipterus faber",162.068248122289
"Terapon theraps",160.246920191845
"Arnoglossus thori",153.94012954173
"Centrophorus",152.8252295
"Plectorhinchus schotaf",152.159310505279
"Lopholatilus chamaeleonticeps",151.590130291642
"Carcinus aestuarii",149.744718203716
"Ostrea edulis",149.49004032847
"Carangoides talamparoides",148.780685515419
"Leucoraja fullonica",147.470353393948
"Dipturus batis",144.829035973758
"Epinephelus tauvina",143.720701770802
"Epinephelus areolatus",143.510431733462
"Acanthurus monroviae",141.117759122376
"Ommastrephes",137.295773
"Cynoscion leiarchus",136.872661344128
"Paralichthys",136.393046819012
"Arnoglossus kessleri",135.941875437288
"Lota lota",135.41836983177
"Larimus breviceps",135.036457204276
"Lamna nasus",134.136643904223
"Menticirrhus americanus",133.982438835287
"Vimba",133.504523598753
"Pristipomoides filamentosus",129.912
"Polydactylus sexfilis",129.037122831489
"Alepes djedaba",128.178737954385
"Thunnus albacares",127.188029369141
"Morone saxatilis",126.273431257376
"Boreogadus saida",125.755072484968
"Plesionika martia",123.35647446372
"Ophidion barbatum",120.88912382549
"Necora puber",116.890371557235
"Pseudocyttus maculatus",113.3345799392
"Acipenser stellatus",110.991384448282
"Sciaena umbra",110.878111197695
"Psettichthys melanostictus",108.11317360746
"Hypoptychus dybowskii",108.0573638395
"Raja miraletus",107.970040605044
"Murex",107.952222743984
"Raja undulata",106.790623099139
"Deania calcea",106.656768818
"Dasyatis pastinaca",106.110950983656
"Eubleekeria splendens",105.896214218654
"Raja microocellata",105.286413871675
"Torpedo marmorata",102.447040355309
"Latris lineata",100.396348492026
"Chanos chanos",97.6966277886381
"Cancer borealis",96.824475866315
"Jacquinotia edwardsi",93.227036193
"Crassostrea gigas",91.9350500290001
"Makaira nigricans",91.299690658
"Hemiramphus brasiliensis",90.7178031529635
"Coregonus",90.4891917773601
"Liocarcinus",90.114961605718
"Psettodes belcheri",89.7935552438817
"Halobatrachus didactylus",88.867027535192
"Priacanthus tayenus",88.2897336054504
"Decapterus macarellus",88.2724398766068
"Larimus pacificus",88
"Alosa alosa",87.7586298293379
"Palinurus",86.3111425144655
"Sparisoma cretense",85.9454606619496
"Ruditapes",85.9077353389523
"Haemulon aurolineatum",85.6240014966698
"Mobula mobular",85.1905844142089
"Schedophilus ovalis",84.887988
"Rhabdosargus haffara",83.1951672112355
"Caranx sexfasciatus",82.4488785096919
"Mytilus galloprovincialis",82.1914012849945
"Hippoglossus stenolepis",81.4598022849302
"Gadus ogac",80.8425465983874
"Odax pullus",79.190245159
"Trachyrincus scabrus",79.1784965157662
"Coregonus albula",78.3327330454901
"Siganus canaliculatus",77.493587226599
"Trisopterus",77.483345970468
"Pterygotrigla",76.98064878
"Maurolicus muelleri",75.8667085100282
"Diplodus puntazzo",75.6063898031972
"Lutjanus bohar",72.8579537643696
"Trachinotus ovatus",72.6183633170156
"Crassostrea virginica",71.6312316844322
"Leucoraja circularis",71.1921914605773
"Arnoglossus imperialis",70.4486377625285
"Sebastes oculatus",70.3480240087979
"Alepes",68.9001631877691
"Carcharhinus falciformis",68.500978303544
"Epinephelus malabaricus",67.2911437295942
"Acipenser gueldenstaedtii",66.5948306689689
"Trachinotus blochii",66.430899023595
"Pasiphaea sivado",66.0717733831098
"Acanthurus sohal",65.7407098867408
"Echelus myrus",65.3701062022942
"Lagocephalus laevigatus",65.1250075237431
"Caulolatilus",65
"Harriotta raleighana",64.6721660640001
"Mercenaria mercenaria",64.0206112068365
"Priacanthus arenatus",63.70912723823
"Alloteuthis media",62.8920360116097
"Salvelinus alpinus alpinus",62.8744902382323
"Serranus scriba",62.5242820324282
"Rachycentridae",61.8001565847348
"Sphyraena jello",59.3408953707109
"Lutjanus gibbus",59.1229347957914
"Alloteuthis",58.98989786139
"Gaidropsarus",57.9182513255838
"Cephaloscyllium isabellum",57.371345636
"Girella tricuspidata",56.6119048813012
"Echeneidae",55.5772819051766
"Scophthalmus aquosus",55.3168897391463
"Scomberomorus lineolatus",54.2204112230678
"Palaemonidae",54.2043186972433
"Pagrus auriga",54.0108
"Lethrinus obsoletus",53.9377
"Chelidonichthys lastoviza",53.3453830834294
"Pseudopentaceros richardsoni",52.949115998
"Cynoglossidae",52.9173725844806
"Benthosema glaciale",52.9114829099174
"Lepidoperca pulchella",52.5865499999999
"Etmopterus",51.4052203540945
"Sicyonia ingentis",50.3893856923798
"Aetomylaeus bovinus",50.01899265
"Aphareus rutilans",49.429129895854
"Plesionika heterocarpus",49.3193285
"Polyprion oxygeneios",48.884
"Squalus mitsukurii",48.1854676
"Ruditapes decussatus",48.0388715713415
"Solea aegyptiaca",47.9842356633762
"Chelidonichthys",47.8003583905735
"Coris julis",45.4990120145435
"Petromyzon marinus",44.4401561987624
"Leuciscus idus",44.1770152672933
"Ocyurus chrysurus",43.8434204890187
"Epinephelus itajara",43.7297233443721
"Sepia elegans",43.501217988024
"Beryx decadactylus",43.3561292571196
"Caranx ignobilis",41.8644704880264
"Argopecten irradians",39.5925945143008
"Carcharhinus brachyurus",39.5238706579999
"Sphyrna lewini",39.5236040010629
"Acanthopagrus bifasciatus",38.8228979252039
"Scylla",38.3985121572506
"Muraena helena",38.3040565072828
"Rhinobatidae",37.4692205067057
"Squalus blainville",37.1837721741754
"Lutjanus apodus",36.6588600860275
"Palinurus mauritanicus",36.4517093730511
"Argentina elongata",36.148944191
"Lethrinus microdon",35.8480408926684
"Pontinus kuhlii",35.7992289736009
"Carcharias taurus",34.7642856826352
"Batrachoididae",33.9673446073116
"Lutjanus agennes",33.6704246165188
"Diagramma pictum",33.2139004895014
"Squatina squatina",33.1562533685457
"Parapenaeopsis atlantica",33.0852687112942
"Myctophidae",33.0414644502119
"Dentex maroccanus",33.033736197
"Scomberoides lysan",32.6927425235706
"Salmo trutta",32.4777557540332
"Lampris guttatus",31.2115451511707
"Calappa granulata",31.1725543703349
"Platichthys stellatus",30.7578367871946
"Hexaplex trunculus",28.3648296750978
"Seriolella",28
"Dipturus oxyrinchus",27.3397001150848
"Paristiopterus labiosus",27.23598868
"Centropomidae",27.1207853230953
"Tautoga onitis",26.9696869546798
"Panulirus",26.9619276387142
"Rapana venosa",26.8503761421612
"Dasyatis akajei",26.8245529115448
"Lutjanus analis",26.7433814912292
"Isurus paucus",26.3673400182237
"Liza saliens",26.2471483059197
"Peristedion cataphractum",25.9152912153802
"Champsocephalus gunnari",24.75
"Pasiphaea multidentata",23.6825225153772
"Aldrichetta forsteri",23.182723326
"Pseudaphya ferreri",22.9802742195523
"Uranoscopus",22.9283581148675
"Genyagnus monopterygius",22.407239827
"Caranx melampygus",21.222545332764
"Myliobatis aquila",20.7499732374509
"Microchirus ocellatus",20.4489065177445
"Centracanthus cirrus",20.2362389924285
"Elops machnata",19.9237214215575
"Epinephelus multinotatus",18.8265251045646
"Chlamys delicatula",18.370443037
"Centriscops humerosus",18.273803406
"Haemulon",18.2564365397395
"Ophichthus rufus",18.0378696106852
"Gymnosarda unicolor",17.8291802838462
"Atractoscion nobilis",17.453275220661
"Tylosurus crocodilus",17.3527009185263
"Patagonotothen guntheri",17.28
"Parastichopus regalis",16.7326432373338
"Istiophorus albicans",16.6039463115171
"Pleuronichthys decurrens",16.5786694767286
"Bolbometopon muricatum",16.4013972715648
"Centrophorus squamosus",16.2883842074787
"Selene vomer",15.98416811387
"Thysanoteuthis rhombus",15.6572273335904
"Plectropomus areolatus",15.6527741172511
"Notorynchus cepedianus",15.6016824749325
"Spratelloides gracilis",15.109012237467
"Carcharodon carcharias",14.6428204019871
"Panulirus homarus",14.158446205
"Umbrina cirrosa",14.1483251693572
"Loligo forbesii",14
"Lampris",13.969778403
"Parupeneus barberinus",13.9465165637969
"Plectropomus pessuliferus",13.000184809343
"Pseudobatos planiceps",13
"Heptranchias perlo",12.6546685473699
"Lethrinus harak",12.6086131482047
"Epinephelus caninus",12.2510152358331
"Cephalopholis miniata",12.2056806941495
"Carassius carassius",12.0800211532272
"Hyporhamphus ihi",11.585150095
"Notarius grandicassis",11.3766628652061
"Diplodus cervinus cervinus",11.3390063666057
"Pagrus africanus",11.223474872736
"Benthodesmus",11.185603022
"Caulolatilus chrysops",10.6621017078357
"Leiostomus xanthurus",10.4496752707948
"Monotaxis grandoculis",10.332222
"Tinca tinca",10.0976873204695
"Ostraciidae",9.7180341321542
"Cancer irroratus",9.55872623963911
"Cephalopholis hemistiktos",9.40081682662085
"Lethrinus xanthochilus",9.38640024144322
"Cheilopogon unicolor",8.84559309321073
"Pandalus",8.68459428020522
"Gaidropsarus ensis",8.63625899763027
"Lamniformes",8.298408236
"Lithodidae",8.21172696976067
"Lutjanus jocu",8.20325188274781
"Scardinius erythrophthalmus",7.71272440782397
"Pentaceros decacanthus",7.7051360152
"Notothenia rossii",7.46
"Lithodes murrayi",7.43663951060439
"Pollicipes pollicipes",7.37293623435628
"Paratrachichthys trailli",6.979593832
"Palaemon longirostris",6.78116272163471
"Albula vulpes",6.7291379659271
"Dosinia",6.494569836
"Scomberomorus cavalla",6.34508014296939
"Paromola cuvieri",6.31318204899279
"Inermiidae",6.13001365723903
"Triakis semifasciata",6.10779598526022
"Parapristipoma octolineatum",6.0973022
"Haliotis tuberculata",5.9751
"Scomberomorus maculatus",5.75682891850457
"Umbrina ronchus",5.61214585281537
"Sillago sihama",5.48973885426051
"Trachurus declivis",5.45299999999999
"Diplodus argenteus argenteus",5.3752396089337
"Pegusa impar",5.07862348262011
"Schedophilus pemarco",5.03112281430362
"Mugil curema",5.02734659725481
"Ophichthus",4.95308635740364
"Fistularia tabacaria",4.80350687469539
"Serranus hepatus",4.80299283142171
"Solenoceridae",4.77562119061774
"Amphiarius phrygiatus",4.73277458725153
"Odontaspis ferox",4.64826343434441
"Carcharhinus longimanus",4.64053181848119
"Metapenaeus ensis",4.55725903357318
"Donax trunculus",4.48039378870427
"Mustelus asterias",4.2543
"Genyatremus luteus",4.25277212785103
"Mycteroperca bonaci",4.07113534348597
"Lepidonotothen squamifrons",3.9209
"Halargyreus johnsonii",3.758331659
"Apogon imberbis",3.50507001460144
"Molva",3.35257303193756
"Kyphosus",3.21958351124742
"Microgadus tomcod",3.1740541797136
"Apsilus fuscus",3.10851974219868
"Gymnura altavela",3.09333619152927
"Panulirus argus",3.09134821501284
"Diastobranchus capensis",2.990334845
"Cephalopholis argus",2.81230621155725
"Aluterus monoceros",2.80519772772946
"Ostreidae",2.77100728067848
"Trachipterus trachypterus",2.768332852
"Palaemon elegans",2.70647292146619
"Capromimus abbreviatus",2.658325743
"Centroscyllium fabricii",2.64789078084627
"Anguilla rostrata",2.61472508680133
"Pleuronectoidei",2.49775428844312
"Pellona harroweri",2.36372128758526
"Epinephelus chlorostigma",2.33996956690071
"Kajikia albida",2.33739551303689
"Lutjanus synagris",2.30582498962236
"Trachyscorpia cristulata echinata",2.2875514244
"Coryphaena",2.10934912787905
"Scorpis violacea",2.103738363
"Acanthopagrus berda",2.07266408699812
"Anomura",2.04199795961993
"Cilus gilberti",2
"Alosa",1.9525300358892
"Alopias superciliosus",1.9515817779507
"Rhomboplites aurorubens",1.91845419457034
"Crassostrea",1.79802353551235
"Amblyraja hyperborea",1.78648882974643
"Epinephelus summana",1.78387594040385
"Hyporthodus niveatus",1.69667438443304
"Gobius cruentatus",1.68102768044556
"Notopogon lilliei",1.6292149612
"Pristidae",1.62680618444471
"Albulidae",1.55911941831218
"Centroscymnus coelolepis",1.54281097494287
"Pelates quadrilineatus",1.51774954653014
"Plectorhinchus pictus",1.50842636603983
"Gobionotothen gibberifrons",1.47
"Callorhinchidae",1.458026415
"Arripis trutta",1.417
"Sphyraena afra",1.40293435732198
"Aethaloperca rogaa",1.3865450839297
"Caranx lugubris",1.383
"Sarda",1.37157803185074
"Dasyatis centroura",1.324970422
"Crenidens crenidens",1.283666
"Scorpaena notata",1.24393772569143
"Caprodon longimanus",1.20534275618374
"Carcharhinus plumbeus",1.204438972
"Ixa monodi",1.20287685398497
"Miscellaneous diadromous fishes",1.16709208272017
"Epinephelus fuscoguttatus",1.15147
"Pseudochaenichthys georgianus",1.15
"Eucinostomus",1.13832931504159
"Ablennes hians",1.08112707069758
"Diapterus rhombeus",1.07116663832027
"Balistes",1.03463093494927
"Epinephelus morrhua",1.0209683965157
"Raja stellulata",1.00031501783475
"Chaenocephalus aceratus",1
"Zygochlamys patagonica",1
"Elagatis bipinnulata",0.986008946610723
"Tellina",0.976684629232286
"Dussumieria",0.949768194380213
"Mycteroperca microlepis",0.948324896672281
"Paralomis formosa",0.93007993920055
"Seriola hippos",0.9298
"Eleginops maclovinus",0.92957993920055
"Promethichthys prometheus",0.9233803522
"Nebris microps",0.858147179701106
"Carcharhinus leucas",0.793999999999999
"Galeocerdo cuvier",0.781
"Tetrapturus belone",0.75485
"Trachinus radiatus",0.75046762990964
"Cynoscion nebulosus",0.666658797
"Scomberoides",0.651644745151856
"Anthias anthias",0.601438426992486
"Menticirrhus saxatilis",0.601313190921544
"Microcosmus sulcatus",0.504038012135386
"Pecten jacobaeus",0.498609898
"Symphodus",0.483907775
"Lunarca ovalis",0.483459023105952
"Parona signata",0.468993462677968
"Mola mola",0.467477698433583
"Bathysolea profundicola",0.466685440479847
"Pteriomorphia",0.462497194905939
"Hexagrammidae",0.461188247902374
"Patella",0.458838867696022
"Ambassidae",0.426996901102292
"Perna viridis",0.407380445835968
"Pseudocaranx dentex",0.400781735099919
"Callista chione",0.388018347310735
"Chiroteuthis veranii",0.371069648269502
"Aphanopus",0.347942872145921
"Eleutheronema tetradactylum",0.344219524145668
"Calamus",0.337131239205853
"Sicyonia carinata",0.300719213496243
"Sebastes viviparus",0.3
"Hyporthodus flavolimbatus",0.296943184622306
"Etelis coruscans",0.271696113074205
"Panulirus versicolor",0.254669420357045
"Amblyraja georgiana",0.25
"Stellifer rastrifer",0.237871725140881
"Kyphosidae",0.221951401567819
"Haemulon plumierii",0.221298738018017
"Sphoeroides maculatus",0.220502368287738
"Genyonemus lineatus",0.194491941991895
"Alosa aestivalis",0.166036200875802
"Callinectes",0.162474754736144
"Scorpaenichthys marmoratus",0.161155876121191
"Synapturichthys kleinii",0.1552747
"Anguilla",0.1478014
"Ascidiacea",0.147582741531284
"Centropomus undecimalis",0.134355674131904
"Orthopristis chrysoptera",0.125346789561144
"Thyrsitops lepidopoides",0.122220836059362
"Nibea mitsukurii",0.114503807
"Elops saurus",0.100978838257124
"Solen marginatus",0.0982916237213709
"Sardinella albella",0.0955867619027025
"Allocyttus niger",0.0938586572438161
"Rhabdosargus sarba",0.0831554770318021
"Microchirus",0.0823128689726973
"Cyprinus carpio",0.0789717263554468
"Morone americana",0.0708180966979312
"Chaetodontidae",0.0695105146019401
"Mola",0.0649999999999999
"Littorina littorea",0.0579361659674804
"Trematomus hansoni",0.0548
"Paralomis spinosissima",0.0536
"Etelis carbunculus",0.052
"Mycteroperca rubra",0.0509808207499784
"Chaceon affinis",0.0444037613899376
"Paralithodes",0.042054758
"Drepane punctata",0.0339840805939492
"Lutjanus erythropterus",0.033
"Galeus",0.0325762550084445
"Aprion virescens",0.03104
"Bathydraconidae",0.01903
"Muraenolepis microps",0.0176
"Regalecus glesne",0.01758642713
"Tripterophycis gilchristi",0.016011400525
"Lutjanus argentimaculatus",0.013
"Tautogolabrus adspersus",0.012995434
"Mancopsetta maculata",0.010347
"Anchoa mitchilli",0.00883735893877209
"Gephyroberyx darwinii",0.0080000000000002
"Sciaenops ocellatus",0.006945365
"Aphia minuta",0.00521882815042271
"Alosa mediocris",0.004796574
"Donax",0.00341109435642692
"Ranina ranina",0.00339840945597018
"Hippocampus",0.00328077166407396
"Holothuriidae",0.002
"Pinctada",0.0010000000000001
"Arbacia lixula",0.000280524302069725
"Lutjanus campechanus",0.0001281
"Deltentosteus quadrimaculatus",2.11858619005571e-05
"Ammodytes tobianus",1.39921018619414e-05
